{"mse": 0.5034486060977106, "r2": 0.32747420600598043}